Metric,Value
Accuracy,0.92
Macro-F1,0.9196790757381258
Macro-AUC (ROC),0.993875
Macro-AP (PR),0.9720103948096446
ECE (10 bins),0.36922883353897673
