Structure,Delta_DSC_pp,Delta_HD95_mm
LV,1.5,1.3000000000000007
Myo,1.7999999999999972,1.3999999999999995
RV,1.5999999999999943,1.8000000000000007
