Dataset,mAP50_mean,CI_low,CI_high
PVF-10,0.903,0.8882677279570949,0.9182863948222503
STHS-277,0.887,0.8645989698393515,0.9117383493224188
